id,name,label
1,healing,COPING_STRATEGY
2,emotions,SYMPTOM
3,grief,SYMPTOM
4,sadness,SYMPTOM
5,art therapy,INTERVENTION
6,guilt,SYMPTOM
7,loneliness,SYMPTOM
8,cognitive behavioral therapy,INTERVENTION
9,stress,STRESSOR
10,anxiety,SYMPTOM
11,cognitive-behavioral techniques,INTERVENTION
12,emotional unease,SYMPTOM
13,depression,SYMPTOM
14,therapy,INTERVENTION
15,cognitive-behavioral therapy,INTERVENTION
16,interpersonal therapy,INTERVENTION
17,mindfulness meditation,COPING_STRATEGY
18,cognitive restructuring,COPING_STRATEGY
19,burnout,SYMPTOM
20,loss,STRESSOR
21,overwhelmed,SYMPTOM
22,panic attacks,SYMPTOM
23,mindfulness,COPING_STRATEGY
24,fatigue,SYMPTOM
25,pain,SYMPTOM
26,helplessness,SYMPTOM
27,frustration,SYMPTOM
28,deep breathing exercises,COPING_STRATEGY
29,isolation,SYMPTOM
30,mindfulness practices,COPING_STRATEGY
31,support group,INTERVENTION
32,trauma,STRESSOR
33,medication,MEDICATION
34,insomnia,SYMPTOM
35,auditory hallucinations,SYMPTOM
36,anxiety disorders,CONDITION
37,bipolar disorder,CONDITION
38,relaxation techniques,COPING_STRATEGY
39,cognitive-behavioral strategies,COPING_STRATEGY
40,schizophrenia,CONDITION
41,sleep disorders,CONDITION
42,job loss,STRESSOR
43,increased responsibilities,STRESSOR
44,mindfulness-based interventions,COPING_STRATEGY
45,progressive muscle relaxation,COPING_STRATEGY
46,wandering episodes,STRESSOR
47,fear,SYMPTOM
48,anger,SYMPTOM
49,distress,SYMPTOM
50,apprehension,SYMPTOM
51,disappointment,SYMPTOM
52,coping skills,COPING_STRATEGY
53,resilience,COPING_STRATEGY
54,emotional toll,SYMPTOM
55,emotional state,SYMPTOM
56,disconnection,SYMPTOM
57,confusion,SYMPTOM
58,disorientation,SYMPTOM
59,uncertainty,SYMPTOM
60,stress management,COPING_STRATEGY
61,boundaries,COPING_STRATEGY
62,emotional support,COPING_STRATEGY
63,caregiving,STRESSOR
64,drained,SYMPTOM
65,self-care,COPING_STRATEGY
66,setting boundaries,COPING_STRATEGY
67,emotional needs,SYMPTOM
68,neglect,SYMPTOM
69,coping strategies,COPING_STRATEGY
70,open communication,COPING_STRATEGY
71,work stress,STRESSOR
72,overwhelm,SYMPTOM
73,time management,COPING_STRATEGY
74,stress reduction,COPING_STRATEGY
75,hopelessness,SYMPTOM
76,exercise,COPING_STRATEGY
77,journaling,COPING_STRATEGY
78,emotional well-being,SYMPTOM
79,communication,COPING_STRATEGY
80,family concerns,STRESSOR
81,chaos,SYMPTOM
82,coping mechanisms,COPING_STRATEGY
83,misunderstanding,SYMPTOM
84,mental health,CONDITION
85,self-doubt,SYMPTOM
86,mental health counselor,INTERVENTION
87,well-being,CONDITION
88,cognitive behavioral strategies,INTERVENTION
89,fear of mortality,STRESSOR
90,exhaustion,SYMPTOM
91,lifestyle changes,COPING_STRATEGY
92,meditation,COPING_STRATEGY
93,inadequacy,SYMPTOM
94,disconnected from emotions,SYMPTOM
95,creative expression,COPING_STRATEGY
96,pressure,SYMPTOM
97,counseling,INTERVENTION
98,impulsivity,SYMPTOM
99,avoidance,SYMPTOM
100,grief counseling,INTERVENTION
101,deep breathing,COPING_STRATEGY
102,shame,SYMPTOM
103,intrusive thoughts,SYMPTOM
104,cancer,CONDITION
105,pain management,COPING_STRATEGY
106,overwhelming feelings,SYMPTOM
107,support system,COPING_STRATEGY
108,psychotherapy,INTERVENTION
109,caregiving role,STRESSOR
110,negative emotions,SYMPTOM
111,mindfulness techniques,COPING_STRATEGY
112,emotional dysregulation,SYMPTOM
113,mental health conditions,CONDITION
114,physical activity,COPING_STRATEGY
115,forgiveness,COPING_STRATEGY
116,anxious,SYMPTOM
117,fears,SYMPTOM
118,insecure,SYMPTOM
119,mental health professional,INTERVENTION
120,self-compassion,COPING_STRATEGY
121,self-acceptance,COPING_STRATEGY
122,worthlessness,SYMPTOM
123,guilty,SYMPTOM
124,stressors,STRESSOR
125,emotional reactions,SYMPTOM
126,past experiences,STRESSOR
127,family therapist,INTERVENTION
128,group therapy,INTERVENTION
129,unresolved emotions,SYMPTOM
130,emotional wounds,STRESSOR
131,psychodynamic therapy,INTERVENTION
132,worry,SYMPTOM
133,social activities,COPING_STRATEGY
134,phone calls,COPING_STRATEGY
135,video chats,COPING_STRATEGY
136,writing letters,COPING_STRATEGY
137,emotional upheaval,SYMPTOM
138,asking for help,COPING_STRATEGY
139,uneasy,SYMPTOM
140,change,STRESSOR
141,illness,STRESSOR
142,prayer,COPING_STRATEGY
143,emotional processing,COPING_STRATEGY
145,safety devices,COPING_STRATEGY
146,indecisiveness,SYMPTOM
147,physical toll,SYMPTOM
148,self-efficacy,SYMPTOM
149,self-confidence,SYMPTOM
150,emotional demands,SYMPTOM
151,irritability,SYMPTOM
152,detachment,SYMPTOM
153,abuse,STRESSOR
154,cbt,INTERVENTION
155,suicidal thoughts,SYMPTOM
156,resentment,SYMPTOM
157,Parkinson's disease,CONDITION
158,support groups,COPING_STRATEGY
159,unhappiness,SYMPTOM
160,social anxiety,SYMPTOM
163,communication issues,STRESSOR
164,emotional expression discouraged,STRESSOR
165,empathy,COPING_STRATEGY
166,active listening,COPING_STRATEGY
167,fear of losing control,SYMPTOM
168,separation from children,STRESSOR
169,letting go,COPING_STRATEGY
170,job demands,STRESSOR
171,family needs,STRESSOR
172,children's behavior,STRESSOR
173,establishing routines,COPING_STRATEGY
174,food allergies,STRESSOR
175,separation anxiety,SYMPTOM
176,relationship distress,STRESSOR
177,psychodynamic approaches,INTERVENTION
178,chronic illness,STRESSOR
179,loss of control,SYMPTOM
180,independence,COPING_STRATEGY
181,agitation,SYMPTOM
182,respite care,INTERVENTION
183,adult day care,INTERVENTION
184,communication skills,COPING_STRATEGY
185,altercation,STRESSOR
186,animal behaviorist,INTERVENTION
187,veterinarian,INTERVENTION
189,paranoia,SYMPTOM
190,sleep disturbances,SYMPTOM
191,mother's pain,STRESSOR
192,caregiving resources,COPING_STRATEGY
193,sleep issues,SYMPTOM
194,denial,SYMPTOM
195,caring for a loved one in hospice,STRESSOR
196,emotional burden,STRESSOR
197,acceptance,COPING_STRATEGY
198,uncertain,SYMPTOM
199,multiple challenges,STRESSOR
200,disappointed,SYMPTOM
201,heavy workload,STRESSOR
202,responsibility,STRESSOR
203,emotional regulation,COPING_STRATEGY
204,dialectical behavior therapy,INTERVENTION
205,nightmares,SYMPTOM
206,abandonment,STRESSOR
207,eye movement desensitization and reprocessing,INTERVENTION
208,negative self-talk,SYMPTOM
209,gratitude,SYMPTOM
210,problem-solving,COPING_STRATEGY
211,frustrated,SYMPTOM
213,discomfort,SYMPTOM
215,emotional suppression,STRESSOR
216,emotional baggage,STRESSOR
217,life circumstances,STRESSOR
218,mental health issues,CONDITION
219,occupational therapy,INTERVENTION
220,couples therapy,INTERVENTION
221,emotional eating,SYMPTOM
222,imaginal exposure therapy,INTERVENTION
223,cognitive-behavioral interventions,INTERVENTION
224,problem-solving interventions,INTERVENTION
225,reframing,COPING_STRATEGY
226,positive reappraisal,COPING_STRATEGY
227,visualization,COPING_STRATEGY
228,negative thoughts,SYMPTOM
229,problem-solving skills,COPING_STRATEGY
230,self-criticism,SYMPTOM
231,unrealistic expectations,STRESSOR
232,accident,STRESSOR
233,workload,STRESSOR
234,personal issues,STRESSOR
235,mental health concerns,CONDITION
236,time management techniques,COPING_STRATEGY
237,current stressors,STRESSOR
238,relaxation exercises,COPING_STRATEGY
239,sleep hygiene practices,COPING_STRATEGY
240,emptiness,SYMPTOM
241,disrupted sleep,SYMPTOM
242,responsibilities,STRESSOR
243,medication schedule,STRESSOR
244,sleep routine,COPING_STRATEGY
245,racing thoughts,SYMPTOM
246,sleep environment,COPING_STRATEGY
247,bedtime routine,COPING_STRATEGY
248,caregiving responsibilities,STRESSOR
249,mother's condition,STRESSOR
250,relief,SYMPTOM
251,grieve,SYMPTOM
252,personal growth,COPING_STRATEGY
253,empowerment,COPING_STRATEGY
254,emotional intensity,SYMPTOM
255,social support,COPING_STRATEGY
256,normalization,COPING_STRATEGY
258,financial stress,STRESSOR
259,distressed,SYMPTOM
260,helpless,SYMPTOM
261,counseling services,INTERVENTION
262,despair,SYMPTOM
263,unappreciated,SYMPTOM
264,undervalued,SYMPTOM
265,grief support group,INTERVENTION
266,powerlessness,SYMPTOM
267,financial struggles,STRESSOR
268,annoyance,SYMPTOM
269,misunderstood,SYMPTOM
270,mistakes,STRESSOR
271,negative thought patterns,SYMPTOM
272,low self-worth,SYMPTOM
273,self-image issues,SYMPTOM
274,financial burdens,STRESSOR
275,legal complexities,STRESSOR
276,emotional drainedness,SYMPTOM
188,cognitive behavioral techniques,INTERVENTION
277,fear of backlash,SYMPTOM
278,EMDR,INTERVENTION
279,trapped,SYMPTOM
280,missing out on growth,SYMPTOM
281,grief counselor,INTERVENTION
282,desperation,SYMPTOM
283,caregiver burnout,SYMPTOM
284,caregiver support groups,COPING_STRATEGY
285,memory loss,SYMPTOM
286,cognitive rehabilitation,INTERVENTION
287,counselor,INTERVENTION
288,disconnected,SYMPTOM
289,longing for connection,SYMPTOM
290,powerless,SYMPTOM
291,betrayed,SYMPTOM
292,distrustful,SYMPTOM
293,family therapy,INTERVENTION
294,devastating,SYMPTOM
295,loss of trust,SYMPTOM
296,alone,SYMPTOM
297,betrayal,SYMPTOM
298,complex,SYMPTOM
299,assumptions,SYMPTOM
300,hearsay,SYMPTOM
301,assertive communication skills,COPING_STRATEGY
302,emotional turmoil,SYMPTOM
303,conflict,SYMPTOM
307,bitterness,SYMPTOM
309,nausea,SYMPTOM
310,mood,SYMPTOM
311,gentle exercise,COPING_STRATEGY
312,aimlessness,SYMPTOM
313,optimism,COPING_STRATEGY
314,hopefulness,SYMPTOM
315,exposure therapy,INTERVENTION
316,stigma,STRESSOR
317,sleep deprivation,SYMPTOM
318,mood disturbances,SYMPTOM
319,social connections,SYMPTOM
320,vulnerability,SYMPTOM
321,creative hobby,COPING_STRATEGY
322,emotional distress,SYMPTOM
328,failure,SYMPTOM
329,financial difficulties,STRESSOR
330,financial counseling,INTERVENTION
331,online group,COPING_STRATEGY
332,anhedonia,SYMPTOM
323,emotional barriers,ISSUE
324,stress relief,COPING_STRATEGY
325,prioritizing others,ISSUE
326,down,SYMPTOM
327,unfulfilled,SYMPTOM
333,caregiving stress,ISSUE
334,family conflict,ISSUE
335,counselors,INTERVENTION
336,relationship issues,ISSUE
337,breathing exercises,COPING_STRATEGY
338,emotional stress,STRESSOR
339,asthma symptoms,SYMPTOM
340,emotional responses,SYMPTOM
341,social interactions,ISSUE
342,belonging,SYMPTOM
343,agoraphobia,CONDITION
344,social life,ISSUE
345,privacy violations,STRESSOR
346,interpersonal skills,COPING_STRATEGY
347,fear of exposure,SYMPTOM
348,privacy concerns,ISSUE
349,hobbies,COPING_STRATEGY
350,COVID-19,STRESSOR
351,emotional intelligence,COPING_STRATEGY
352,mood swings,SYMPTOM
353,self-esteem issues,ISSUE
354,cognitive reappraisal,COPING_STRATEGY
355,positive self-talk,COPING_STRATEGY
356,irritation,SYMPTOM
357,grounding,COPING_STRATEGY
358,melancholy,SYMPTOM
359,supportive counseling,INTERVENTION
360,fear of death,SYMPTOM
361,life changes,STRESSOR
362,hurt,SYMPTOM
363,past hurts,STRESSOR
364,anticipatory grief,SYMPTOM
365,impulsive actions,SYMPTOM
366,regret,SYMPTOM
367,self-worth,ISSUE
368,mistrust,SYMPTOM
369,suicidal tendencies,SYMPTOM
370,past traumas,STRESSOR
371,environmental stressors,STRESSOR
372,emotional wellbeing,SYMPTOM
373,overwhelming,SYMPTOM
374,distressing,SYMPTOM
375,fear of not knowing,SYMPTOM
376,fear of making a mistake,SYMPTOM
377,caregiver stress,STRESSOR
378,self-care practices,COPING_STRATEGY
379,relaxation,COPING_STRATEGY
380,dementia,CONDITION
381,non-pharmacological interventions,COPING_STRATEGY
382,cognitive distortions,ISSUE
383,negative attitude,SYMPTOM
384,limiting beliefs,ISSUE
385,childhood trauma,STRESSOR
386,academic pressure,ISSUE
387,work pressure,STRESSOR
388,need for control,ISSUE
389,security,ISSUE
390,stability,ISSUE
391,identity,ISSUE
392,relationships,ISSUE
393,social skills,COPING_STRATEGY
394,communication strategies,COPING_STRATEGY
395,work environment,ISSUE
396,social needs,ISSUE
397,work demands,STRESSOR
398,family obligations,STRESSOR
399,personal struggles,STRESSOR
400,community organizations,INTERVENTION
401,respite care services,INTERVENTION
402,professional counseling,INTERVENTION
403,assertive communication,COPING_STRATEGY
404,emotional issues,CONDITION
405,trust,ISSUE
406,intimacy,ISSUE
407,fear of abandonment,SYMPTOM
408,attachment-focused therapy,INTERVENTION
409,emotionally focused therapy,INTERVENTION
410,rest,COPING_STRATEGY
411,eating well,COPING_STRATEGY
412,lack of motivation,SYMPTOM
413,managing tasks,ISSUE
414,low mood,SYMPTOM
415,self-consciousness,SYMPTOM
416,communication breakdown,ISSUE
417,diabetes,ISSUE
418,addiction,CONDITION
419,support,ISSUE
420,breakup,STRESSOR
421,work commitments,ISSUE
422,safety concerns,ISSUE
423,obligation,SYMPTOM
424,career choices,ISSUE
425,growth mindset,COPING_STRATEGY
426,fear of making the wrong choice,SYMPTOM
427,feedback,STRESSOR
428,communication style,ISSUE
429,mental illness,CONDITION
430,emotional and mental health,SYMPTOM
431,memory issues,ISSUE
432,seeking support,COPING_STRATEGY
433,emotion-focused therapy,INTERVENTION
434,Eisenhower Matrix,COPING_STRATEGY
435,time blocking,COPING_STRATEGY
436,delegating tasks,COPING_STRATEGY
437,professional development,INTERVENTION
438,business coaching,INTERVENTION
439,decreased appetite,SYMPTOM
440,perfectionism,ISSUE
441,decision-making,COPING_STRATEGY
442,discouraged,SYMPTOM
443,career change,ISSUE
444,fear of failure,SYMPTOM
445,rejection,SYMPTOM
446,social isolation,ISSUE
447,mindfulness based stress reduction,INTERVENTION
448,self-destructive behaviors,ISSUE
449,low self-esteem,CONDITION
450,doubt,SYMPTOM
451,emotional attachments,ISSUE
452,cognitive restructuring techniques,INTERVENTION
453,avoidance behaviors,ISSUE
454,sleep quality,ISSUE
455,energy levels,ISSUE
456,difficulty sleeping,SYMPTOM
457,overextending,ISSUE
458,balance,ISSUE
459,effective communication,COPING_STRATEGY
460,emotional resilience,COPING_STRATEGY
461,self-harm,CONDITION
462,breathing,COPING_STRATEGY
463,financial burden,ISSUE
464,cognitive behavioral interventions,INTERVENTION
465,emotional overwhelm,SYMPTOM
466,emotional pain,SYMPTOM
467,writing a letter,COPING_STRATEGY
468,ethical dilemma,STRESSOR
469,acceptance and commitment therapy,INTERVENTION
470,dissociation,CONDITION
471,therapist,INTERVENTION
472,divorce,STRESSOR
473,walking,COPING_STRATEGY
474,motivation,ISSUE
475,setting clear boundaries,COPING_STRATEGY
476,dissociative episodes,CONDITION
477,teletherapy,INTERVENTION
478,emdr,INTERVENTION
479,prioritizing tasks,COPING_STRATEGY
480,emotional detachment,SYMPTOM
481,numbness,SYMPTOM
482,language barriers,STRESSOR
483,cultural barriers,STRESSOR
484,language interpreter,INTERVENTION
485,professional caregivers,INTERVENTION
486,activity planning,COPING_STRATEGY
487,engaging activities,COPING_STRATEGY
488,professional consultants,INTERVENTION
489,unreliable communication,STRESSOR
490,family systems therapy,INTERVENTION
491,social skills training,INTERVENTION
492,social engagement,COPING_STRATEGY
493,pandemic,STRESSOR
494,hospice team,INTERVENTION
495,serious illness,STRESSOR
496,self-blame,SYMPTOM
497,hospitalization,STRESSOR
498,information overload,ISSUE
499,eating disorder,CONDITION
500,neglected,STRESSOR
501,mood disorder,CONDITION
502,traumatic event,STRESSOR
503,disoriented,SYMPTOM
504,supportive,COPING_STRATEGY
505,overwhelming responsibility,SYMPTOM
506,barking,STRESSOR
507,financial issues,ISSUE
508,self-compassionate mindset,COPING_STRATEGY
509,support network,COPING_STRATEGY
510,need for autonomy,ISSUE
511,problem-solving techniques,COPING_STRATEGY
512,beliefs about medication and addiction,ISSUE
513,writing condolence notes,COPING_STRATEGY
514,emotional numbness,SYMPTOM
515,condition,CONDITION
518,past mistakes,STRESSOR
519,scam calls,STRESSOR
520,final wishes discussion,STRESSOR
521,emotional neglect,STRESSOR
522,seizures,STRESSOR
523,hospital setting,STRESSOR
525,challenges,ISSUE
526,tools,COPING_STRATEGY
527,customer service calls,STRESSOR
528,unresolved issue,STRESSOR
529,shortness of breath,SYMPTOM
530,external support,INTERVENTION
531,bedsores,STRESSOR
532,stress management techniques,COPING_STRATEGY
533,health diagnosis,STRESSOR
534,PTSD,CONDITION
535,accessing mental health care,STRESSOR
536,mother's restlessness,STRESSOR
539,manic episodes,SYMPTOM
540,social media use,STRESSOR
541,mental health crisis,CONDITION
542,disrupted sleep patterns,SYMPTOM
543,communication issue,ISSUE
544,financial uncertainty,STRESSOR
545,sleeping difficulties,SYMPTOM
546,problem-solving intervention,INTERVENTION
547,meaning-making,COPING_STRATEGY
549,music therapy,INTERVENTION
550,positive mindset,COPING_STRATEGY
551,mindfulness based interventions,INTERVENTION
552,task management,COPING_STRATEGY
553,geriatric care manager,INTERVENTION
554,life change,STRESSOR
555,stressor,STRESSOR
556,itching,STRESSOR
558,unhelpful thought patterns,SYMPTOM
559,self-talk,COPING_STRATEGY
560,multiple responsibilities,STRESSOR
561,emotional triggers,STRESSOR
562,conflicting information,STRESSOR
563,hospital stay,STRESSOR
564,fear of the unknown,STRESSOR
565,lack of control,STRESSOR
566,alarming health information,STRESSOR
567,husband's heart attack,STRESSOR
568,caring for your mom during the pandemic,STRESSOR
569,isolated,SYMPTOM
570,online support groups,COPING_STRATEGY
571,feeling like a burden,SYMPTOM
572,ashamed of seeking help,SYMPTOM
573,son's health issues,STRESSOR
574,health concerns for loved ones,STRESSOR
575,avoidance coping,COPING_STRATEGY
576,problem-solving therapy,INTERVENTION
577,social comparison,ISSUE
578,relapse,CONDITION
579,fear of judgment,SYMPTOM
580,mood disorders,CONDITION
581,criticism,STRESSOR
582,new foods,STRESSOR
583,social media content,STRESSOR
584,compulsive buying,CONDITION
585,social media,ISSUE
586,cyberbullying,STRESSOR
587,sleep hygiene,COPING_STRATEGY
588,open conversations,COPING_STRATEGY
589,relapse prevention,INTERVENTION
590,internet,STRESSOR
591,alternative therapies,INTERVENTION
592,mental distress,SYMPTOM
594,suicidal ideation,CONDITION
595,intervention,INTERVENTION
596,therapeutic process,INTERVENTION
597,mania,SYMPTOM
598,distressing content,STRESSOR
599,writing an open letter,COPING_STRATEGY
600,self-care issues,ISSUE
601,support system change,STRESSOR
602,home environment,STRESSOR
603,identity crisis,CONDITION
604,feelings of inadequacy,SYMPTOM
605,sense of aimlessness,SYMPTOM
606,life transitions,ISSUE
607,fear of rejection,SYMPTOM
608,communicating needs,COPING_STRATEGY
609,challenging negative thoughts,COPING_STRATEGY
610,focusing on strengths,COPING_STRATEGY
611,family issues,ISSUE
612,patient advocate,INTERVENTION
613,anxiety disorder,CONDITION
614,communication challenges,ISSUE
615,role-playing,COPING_STRATEGY
616,developing questions,COPING_STRATEGY
617,I statements,COPING_STRATEGY
618,seeking second opinion,INTERVENTION
619,emotional validation,COPING_STRATEGY
620,mother's safety concerns,STRESSOR
621,house repairs,STRESSOR
622,decision paralysis,SYMPTOM
623,pros and cons analysis,COPING_STRATEGY
624,financial commitment,STRESSOR
625,potential disruption,STRESSOR
626,creating a budget,COPING_STRATEGY
627,compromise,COPING_STRATEGY
628,incontinence issue,STRESSOR
629,disrupted routine,STRESSOR
630,cost,STRESSOR
631,time,STRESSOR
632,disruption,STRESSOR
633,proper planning,COPING_STRATEGY
634,breaking down tasks,COPING_STRATEGY
635,conflict resolution skills,COPING_STRATEGY
636,difficult situation,STRESSOR
637,writing,COPING_STRATEGY
638,creating art,COPING_STRATEGY
639,video calls,COPING_STRATEGY
640,rebuilding relationships,COPING_STRATEGY
641,challenging situations,STRESSOR
642,financial pressures,STRESSOR
645,validation,COPING_STRATEGY
646,compassion,COPING_STRATEGY
647,flexibility,COPING_STRATEGY
648,optimistic mindset,COPING_STRATEGY
649,conflicts,STRESSOR
650,conflict resolution,COPING_STRATEGY
651,psychosis,CONDITION
652,work-life balance,ISSUE
653,prioritizing relationships,COPING_STRATEGY
654,triggers,STRESSOR
655,mental chatter,SYMPTOM
656,creating a photo album,COPING_STRATEGY
657,financial constraints,STRESSOR
658,set boundaries,COPING_STRATEGY
659,healthy boundaries,COPING_STRATEGY
660,stress_management_techniques,COPING_STRATEGY
661,breathing_exercises,COPING_STRATEGY
662,coping_strategies,COPING_STRATEGY
663,emotional_overwhelm,SYMPTOM
664,caregiving_stress,ISSUE
665,self_care,COPING_STRATEGY
666,cognitive_behavioral_therapy,INTERVENTION
667,coping_skills,COPING_STRATEGY
668,self_esteem_issues,ISSUE
669,volunteering,COPING_STRATEGY
670,family collaboration,COPING_STRATEGY
671,family support,COPING_STRATEGY
672,limiting interactions,COPING_STRATEGY
673,emotional needs identification,COPING_STRATEGY
674,loss of communication,STRESSOR
675,setting realistic expectations,COPING_STRATEGY
676,emotional exploration,COPING_STRATEGY
677,consistent sleep schedule,COPING_STRATEGY
678,treatment,INTERVENTION
679,loss of loved ones,STRESSOR
680,setting healthy boundaries,COPING_STRATEGY
681,palliative care,INTERVENTION
682,hospice care,INTERVENTION
683,emotional exhaustion,SYMPTOM
684,physical condition,STRESSOR
685,secondary traumatic stress,SYMPTOM
686,inner conflict,SYMPTOM
687,conflicting emotions,SYMPTOM
688,feeling drained,SYMPTOM
689,patient advocacy team,INTERVENTION
690,social worker,INTERVENTION
691,Alzheimer's disease,CONDITION
692,cognitive decline,STRESSOR
693,financial concerns,STRESSOR
694,challenging thoughts,COPING_STRATEGY
695,engaging in enjoyable activities,COPING_STRATEGY
696,sharing caregiving responsibilities,COPING_STRATEGY
697,tensions,SYMPTOM
698,acknowledging emotions,COPING_STRATEGY
699,interventions,INTERVENTION
700,negative feedback,STRESSOR
701,yoga,COPING_STRATEGY
702,sense of loss,SYMPTOM
703,underlying issues,ISSUE
704,unresolved conflicts,STRESSOR
705,panic attack,SYMPTOM
706,end-of-life care,ISSUE
707,mental anguish,SYMPTOM
708,staff workload,ISSUE
709,hospital financial priorities,ISSUE
710,internal conflict,SYMPTOM
711,external pressures,STRESSOR
712,department staffing situation,ISSUE
713,morale,ISSUE
714,support systems,COPING_STRATEGY
715,fear of confrontation,ISSUE
716,supportive conversations,COPING_STRATEGY
717,difficulty focusing,SYMPTOM
718,mental health challenges,ISSUE
719,emotion-focused coping,INTERVENTION
720,self-awareness,COPING_STRATEGY
721,husband's condition,STRESSOR
722,husband's diagnosis,STRESSOR
723,loved one's illness,STRESSOR
724,intense emotions,SYMPTOM
725,significant change,ISSUE
726,traveling,COPING_STRATEGY
727,mental breaks,COPING_STRATEGY
728,reading,COPING_STRATEGY
729,calming activities,COPING_STRATEGY
730,unmet emotional needs,ISSUE
731,significant health event,STRESSOR
732,care team,INTERVENTION
733,art,COPING_STRATEGY
734,social media addiction,ISSUE
736,active listening skills,COPING_STRATEGY
737,social connection,COPING_STRATEGY
738,setting goals,COPING_STRATEGY
739,financial management issues,ISSUE
740,insecurity,SYMPTOM
741,attachment issues,CONDITION
742,social exclusion,SYMPTOM
743,adult day programs,INTERVENTION
744,in-home care services,INTERVENTION
745,emotional disconnection,SYMPTOM
746,home health care services,INTERVENTION
747,procrastination,SYMPTOM
748,mental health struggles,ISSUE
749,suicide,SYMPTOM
750,safety plan,COPING_STRATEGY
751,breathing difficulties,SYMPTOM
752,sleep difficulties,CONDITION
753,social media pressures,ISSUE
754,restlessness,SYMPTOM
755,seek support,COPING_STRATEGY
756,emotional challenges,SYMPTOM
757,obsessive-compulsive disorder,CONDITION
758,perspective-taking,COPING_STRATEGY
759,visitors,STRESSOR
760,rumination,SYMPTOM
761,cognitive re-framing,COPING_STRATEGY
762,gratitude exercises,COPING_STRATEGY
763,engaging in joyful activities,COPING_STRATEGY
764,small routine changes,COPING_STRATEGY
765,being judged,STRESSOR
766,supportive relationships,COPING_STRATEGY
767,realistic goals,COPING_STRATEGY
768,comparing yourself to others,ISSUE
769,terminal illness,STRESSOR
770,compulsive behaviors,SYMPTOM
771,problem-solving caregiving,INTERVENTION
772,validating feelings,COPING_STRATEGY
773,positive self-affirmations,COPING_STRATEGY
774,traumas,STRESSOR
775,self-perception,SYMPTOM
776,stress_reduction_techniques,COPING_STRATEGY
777,self_compassion,COPING_STRATEGY
778,supportive_counseling,INTERVENTION
779,relationship_issues,ISSUE
780,deep_breathing,COPING_STRATEGY
781,emotional_regulation,COPING_STRATEGY
782,trust issues,ISSUE
783,fear of vulnerability,SYMPTOM
784,ethical dilemmas,STRESSOR
785,lack of confidence,SYMPTOM
786,self-reflection,COPING_STRATEGY
787,panic,SYMPTOM
788,fear of intimacy,SYMPTOM
789,emotional vulnerability,COPING_STRATEGY
790,sensate focus exercises,COPING_STRATEGY
791,bullying,STRESSOR
792,social relationships,ISSUE
793,assertiveness,COPING_STRATEGY
794,supervision,INTERVENTION
795,routine,COPING_STRATEGY
796,generalized anxiety disorder,CONDITION
797,mental health condition,CONDITION
798,discrimination,STRESSOR
799,seeking social connection,COPING_STRATEGY
800,patience,COPING_STRATEGY
801,self-discovery,ISSUE
802,insecurities,SYMPTOM
803,developing boundaries,COPING_STRATEGY
804,anger issues,CONDITION
805,self-sabotage,CONDITION
806,self_reflection,COPING_STRATEGY
807,relaxation_techniques,COPING_STRATEGY
808,sexual_orientation_issues,ISSUE
809,lack_of_acceptance,STRESSOR
810,social_pressure,STRESSOR
811,educating_yourself,COPING_STRATEGY
812,supportive_communities,COPING_STRATEGY
813,research,COPING_STRATEGY
814,spiritual_counseling,INTERVENTION
815,panic_attacks,SYMPTOM
816,social_situations,STRESSOR
817,exposure_therapy,INTERVENTION
818,quality time,COPING_STRATEGY
819,self-esteem,ISSUE
820,sexual identity,ISSUE
821,mental well-being,ISSUE
822,positive reinforcement,COPING_STRATEGY
823,time management issues,ISSUE
824,symptom,SYMPTOM
825,humanistic therapy,INTERVENTION
826,therapy issue,ISSUE
827,conflicting diagnoses,ISSUE
853,online resources,COPING_STRATEGY
854,self-help materials,COPING_STRATEGY
855,data manipulation,STRESSOR
856,person-centered therapy,INTERVENTION
857,professional ethics dilemma,ISSUE
858,parenting,ISSUE
859,sexuality,ISSUE
860,disconnected from your spirituality,ISSUE
861,sexual orientation,ISSUE
862,behavioral changes,ISSUE
863,difficult feelings,SYMPTOM
864,substance abuse,CONDITION
865,difficult emotions,SYMPTOM
866,engaging in activities,COPING_STRATEGY
867,domestic violence,CONDITION
868,abusive relationship,ISSUE
869,self_esteem issues,ISSUE
870,negative body image,SYMPTOM
871,negative thinking patterns,SYMPTOM
872,social situations,STRESSOR
874,trauma-focused therapy,INTERVENTION
875,financial pressure,STRESSOR
876,connecting with loved ones,COPING_STRATEGY
877,excessive worrying,SYMPTOM
878,exploring activities,COPING_STRATEGY
879,difficult thoughts,SYMPTOM
880,fear of trusting others,SYMPTOM
881,overthinking,SYMPTOM
882,self-worth issues,ISSUE
883,work deadlines,STRESSOR
884,family responsibilities,STRESSOR
885,sleep,COPING_STRATEGY
886,public speaking,STRESSOR
887,financial instability,STRESSOR
888,driving,STRESSOR
889,seasonal changes,STRESSOR
890,light therapy,INTERVENTION
891,social gatherings,STRESSOR
892,social withdrawal,ISSUE
893,cognitive reframing,COPING_STRATEGY
894,physical exercise,COPING_STRATEGY
895,parents' divorce,STRESSOR
896,demanding workload,ISSUE
897,unfamiliar situations,STRESSOR
898,fear vulnerability,SYMPTOM
899,difficulty concentrating,SYMPTOM
900,appetite changes,SYMPTOM
901,mindfulness-based stress reduction,INTERVENTION
902,mindfulness-based therapy,INTERVENTION
903,mental health therapist,INTERVENTION
904,stressful situations,STRESSOR
905,lack of interest,SYMPTOM
906,feelings of emptiness,SYMPTOM
907,end of a long-term relationship,STRESSOR
908,chronic stress,CONDITION
909,mental health expert,INTERVENTION
910,grounding techniques,COPING_STRATEGY
911,relationship conflicts,ISSUE
912,prioritize and break things down,COPING_STRATEGY
913,tension,SYMPTOM
914,catastrophic thinking,SYMPTOM
915,challenge thoughts,COPING_STRATEGY
916,delegation,COPING_STRATEGY
917,job stress,ISSUE
918,stress triggers,STRESSOR
919,socializing,COPING_STRATEGY
920,low motivation,SYMPTOM
921,low energy,SYMPTOM
922,exposure and response prevention,COPING_STRATEGY
923,anxiety triggers,STRESSOR
924,OCD,CONDITION
925,negative beliefs,SYMPTOM
926,obsessive thinking,SYMPTOM
927,mindfulness exercises,COPING_STRATEGY
928,worries,SYMPTOM
929,anxious thoughts,SYMPTOM
930,uncertain situations,STRESSOR
931,catastrophizing,SYMPTOM
932,external expectations,STRESSOR
933,crowded places,STRESSOR
934,exposure,COPING_STRATEGY
935,self-expression issues,ISSUE
937,acknowledging fears,COPING_STRATEGY
938,unmotivated,SYMPTOM
939,set achievable goals,COPING_STRATEGY
940,losing interest,SYMPTOM
941,practice,COPING_STRATEGY
942,sudden loud noises,STRESSOR
943,uncertainty about the future,ISSUE
944,physical symptoms,SYMPTOM
945,public speaking engagements,STRESSOR
946,feeling of emptiness,SYMPTOM
947,feelings of pointlessness,SYMPTOM
948,feelings of hopelessness,SYMPTOM
949,trigger,STRESSOR
950,loud noises,STRESSOR
951,hopeless,SYMPTOM
952,empty,SYMPTOM
953,thought patterns,SYMPTOM
954,self-confidence issues,ISSUE
955,gradual exposure therapy,INTERVENTION
956,family stress,ISSUE
957,sleep disruptions,SYMPTOM
958,car accident,STRESSOR
959,exposure and desensitization techniques,COPING_STRATEGY
960,anxiety attacks,SYMPTOM
961,deadlines,STRESSOR
962,lack of sleep,STRESSOR
963,losing your job,STRESSOR
964,heartbreak,SYMPTOM
965,phobia,CONDITION
966,creative outlets,COPING_STRATEGY
967,grounding exercises,COPING_STRATEGY
968,work-related demands,ISSUE
969,daily routine,COPING_STRATEGY
970,financial strain,STRESSOR
971,triggering situations,STRESSOR
972,lacking motivation,SYMPTOM
973,underlying factors,STRESSOR
974,loss of interest,SYMPTOM
975,financial situation,STRESSOR
976,behavioral activation,INTERVENTION
977,obsessive thoughts,SYMPTOM
978,compulsions,SYMPTOM
979,losing a beloved pet,STRESSOR
980,embarrassing incident,STRESSOR
981,childhood criticism,STRESSOR
982,persistent sadness,SYMPTOM
983,family dynamics,ISSUE
984,unworthiness,SYMPTOM
985,demanding job,STRESSOR
986,work-related pressures,STRESSOR
987,relaxation training,COPING_STRATEGY
988,perfectionistic mindset,ISSUE
989,feelings of worthlessness,SYMPTOM
990,losing job,STRESSOR
991,public transportation,STRESSOR
992,traumatic incident,STRESSOR
993,time management strategies,COPING_STRATEGY
994,work-related stress,STRESSOR
995,social events,STRESSOR
996,major relocation for job,STRESSOR
997,adapting to new environment,STRESSOR
998,additional responsibilities,STRESSOR
999,financial worries,STRESSOR
1000,constant pressure,STRESSOR
1001,home responsibilities,STRESSOR
1002,concentration issues,SYMPTOM
1003,generational trauma,STRESSOR
1004,finances,ISSUE
1005,household chores,ISSUE
1006,traumatic experiences,STRESSOR
1007,irrational beliefs,SYMPTOM
1008,negative self-perception,SYMPTOM
1009,financial problems,STRESSOR
1010,mindfulness based therapies,INTERVENTION
1011,depressive symptoms,SYMPTOM
1012,distraction techniques,COPING_STRATEGY
1013,emotional fluctuations,SYMPTOM
1014,ACT,INTERVENTION
1015,self-isolation,COPING_STRATEGY
1016,financial challenges,STRESSOR
1017,personal losses,STRESSOR
1018,sorrow,SYMPTOM
1019,loss of job,STRESSOR
1020,emotional abuse,STRESSOR
1021,loss of a job,STRESSOR
1022,end of a relationship,STRESSOR
1023,professional help,INTERVENTION
1024,moving houses,STRESSOR
1025,health issues,ISSUE
1026,fear of embarrassment,SYMPTOM
1027,generalized anxiety,CONDITION
1028,unemployment,ISSUE
1029,thought stopping,COPING_STRATEGY
1030,loss of a close relationship,STRESSOR
1031,family history,STRESSOR
1032,personal failures,STRESSOR
1033,career setbacks,STRESSOR
1034,family environment,STRESSOR
1035,social anxiety disorder,CONDITION
1036,past failures,STRESSOR
1037,crowded spaces,STRESSOR
1038,mental strain,SYMPTOM
1039,feeling overwhelmed,SYMPTOM
1040,professional guidance,INTERVENTION
1041,building resilience,COPING_STRATEGY
1042,unexpected loss,STRESSOR
1043,mindfulness-based therapies,INTERVENTION
1044,childhood experiences,STRESSOR
1045,establishing clear boundaries,COPING_STRATEGY
1046,company-wide restructuring,STRESSOR
1047,seasonal affective disorder,CONDITION
1048,travel anxiety,CONDITION
1049,systematic desensitization,INTERVENTION
1050,stressful events,STRESSOR
1051,stress headaches,SYMPTOM
1052,migraines,SYMPTOM
1053,health concerns,STRESSOR
1054,loss of interest in life,SYMPTOM
1055,act,INTERVENTION
1056,dbt,INTERVENTION
1057,deep sadness,SYMPTOM
1058,anxious thinking,SYMPTOM
1059,depressive episodes,SYMPTOM
1060,lack of energy,SYMPTOM
1061,setback at work,STRESSOR
1062,difficult breakup,STRESSOR
1063,deep breathing techniques,COPING_STRATEGY
1065,personal relationships,ISSUE
1066,major life changes,STRESSOR
1075,work,STRESSOR
1076,wedding planning,STRESSOR
1079,relationship ending,STRESSOR
1084,social event,STRESSOR
1085,driving on highways,STRESSOR
1086,thoughts of death or suicide,SYMPTOM
1087,hypervigilance,SYMPTOM
1088,fear of being judged,STRESSOR
1089,mental health professionals,INTERVENTION
1090,job interviews,STRESSOR
1091,pros and cons list,COPING_STRATEGY
1092,dysfunctional family,STRESSOR
1093,financial obligations,STRESSOR
1094,job interview,STRESSOR
1095,social interaction,COPING_STRATEGY
1096,mindfulness-based cognitive therapy,INTERVENTION
1097,loved one's health concern,STRESSOR
1098,worry journal,COPING_STRATEGY
1099,traumatic breakup,STRESSOR
1100,sleeplessness,SYMPTOM
1101,major deadline,STRESSOR
1102,family emergency,STRESSOR
1103,structured daily routine,COPING_STRATEGY
1104,criticism from family members,STRESSOR
1105,exposure techniques,INTERVENTION
1106,health-related concerns,STRESSOR
1107,performance pressure,STRESSOR
1108,budget,COPING_STRATEGY
1109,major life change,STRESSOR
1110,new hobbies,COPING_STRATEGY
1111,significant life events,STRESSOR
1112,excessive workload,STRESSOR
1113,job dissatisfaction,STRESSOR
1114,decision making,STRESSOR
1115,biofeedback therapy,INTERVENTION
1116,trauma-focused cognitive behavioral therapy,INTERVENTION
1117,irrational fears,SYMPTOM
1118,anticipatory anxiety,SYMPTOM
1119,major depressive disorder,CONDITION
1120,high expectations,STRESSOR
1121,work-related challenges,STRESSOR
1122,childhood bullying,STRESSOR
1123,relationship struggles,STRESSOR
1124,unstable family environment,STRESSOR
1125,worry times,COPING_STRATEGY
1126,flying,STRESSOR
1127,relationship loss,STRESSOR
1128,positive affirmations,COPING_STRATEGY
1129,time in nature,COPING_STRATEGY
1130,anxious thought patterns,SYMPTOM
1131,childhood emotional neglect,STRESSOR
1132,travel,STRESSOR
1133,job security,ISSUE
1134,parental divorce,STRESSOR
1135,traumatic events,STRESSOR
1136,fear of flying,SYMPTOM
1137,muscle tension,SYMPTOM
1138,social settings,STRESSOR
1139,work and family responsibilities,STRESSOR
1140,narrative therapy,INTERVENTION
1141,presentations,STRESSOR
1142,test anxiety,SYMPTOM
1143,apathy,SYMPTOM
1144,mindful eating,COPING_STRATEGY
1145,life events,STRESSOR
1146,losing a job,STRESSOR
1147,family illness,STRESSOR
1148,sleep disturbance,SYMPTOM
1149,performance-related situations,STRESSOR
1150,self-harm thoughts,SYMPTOM
1151,flashbacks,SYMPTOM
1152,thunderstorm,STRESSOR
1153,fear of judgment and failure,ISSUE
1154,fear of public speaking,STRESSOR
1155,guided imagery,COPING_STRATEGY
1156,sleep problems,SYMPTOM
1157,uncertainties of life,STRESSOR
1158,traffic jam,STRESSOR
1159,self-help,COPING_STRATEGY
1160,childhood neglect,STRESSOR
1161,unfamiliar surroundings,STRESSOR
1162,milestones,STRESSOR
1163,career choice,ISSUE
1164,breakups,STRESSOR
1165,breathing techniques,COPING_STRATEGY
1166,childhood issues,ISSUE
1167,disappointments,STRESSOR
1168,uncertainty about future,STRESSOR
1169,individual therapy,INTERVENTION
1170,political discussions,STRESSOR
1171,trauma therapy,INTERVENTION
1172,strained relationships,ISSUE
1173,destructive thought patterns,SYMPTOM
1174,aggressive behavior,SYMPTOM
1175,tantrums,SYMPTOM
1176,LGBTQ+ issues,ISSUE
1177,bulimia nervosa,CONDITION
1178,overwhelming emotions,SYMPTOM
1179,self-image,ISSUE
1180,fears of rejection,SYMPTOM
1181,fears of judgment,SYMPTOM
1182,couples counseling,INTERVENTION
1183,hostility,SYMPTOM
1184,post-deployment stress,SYMPTOM
1185,prejudice,STRESSOR
1186,destructive habits,ISSUE
1187,confusion about sexuality,ISSUE
1188,decreased libido,SYMPTOM
1189,training,INTERVENTION
1190,impulsive behaviors,CONDITION
1191,anger outburst,SYMPTOM
1192,betrayal of trust,STRESSOR
1193,open expression,COPING_STRATEGY
1194,relationship therapy,INTERVENTION
1195,i statements,COPING_STRATEGY
1196,emotional openness,COPING_STRATEGY
1197,psychoeducation,INTERVENTION
1198,emotional healing,COPING_STRATEGY
1199,interpersonal and social rhythm therapy,INTERVENTION
1200,adhd,CONDITION
1201,social relationship issues,ISSUE
1202,fear of being hurt,SYMPTOM
1203,behavioral change,ISSUE
1204,sexual dysfunction,SYMPTOM
1205,public speaking anxiety,PROBLEM
1206,fear of crowded places,PROBLEM
1207,suppressed emotions,PROBLEM
1208,intimacy in relationship,ISSUE
1209,workplace relationships,ISSUE
1210,professional support,INTERVENTION
1211,self-destructive habits,SYMPTOM
1212,binge-eating,SYMPTOM
1213,communication dynamics,ISSUE
1214,relationship dynamics,ISSUE
1215,spirituality,ISSUE
1216,parenting challenges,ISSUE
1217,parent-child relationship,ISSUE
1218,marriage counseling,INTERVENTION
1219,establishing boundaries,COPING_STRATEGY
1220,ethical violation,STRESSOR
1221,dissatisfaction,SYMPTOM
1222,lack of self-confidence,SYMPTOM
1223,challenging negative beliefs,COPING_STRATEGY
1224,cultivating healthy boundaries,COPING_STRATEGY
1225,reading educational materials,COPING_STRATEGY
1226,attending workshops,COPING_STRATEGY
1227,emotional expression issues,ISSUE
1228,boundary issues,ISSUE
1229,intimacy issues,ISSUE
1230,problem-solving strategies,COPING_STRATEGY
1231,individual counseling,INTERVENTION
1232,miscarriage,STRESSOR
1233,communication techniques,COPING_STRATEGY
1234,childhood traumas,STRESSOR
1235,intrusive memories,SYMPTOM
1236,confidentiality,ISSUE
1237,breach of confidentiality,STRESSOR
1238,confidentiality agreements,COPING_STRATEGY
1239,professional boundaries,COPING_STRATEGY
1240,upbringing,STRESSOR
1241,disordered eating,CONDITION
1242,emotional strain,SYMPTOM
1243,childhood abuse,STRESSOR
1244,internal conflicts,SYMPTOM
1245,ptsd,CONDITION
1246,differing parenting styles,ISSUE
1247,breach of trust,STRESSOR
1248,legal and regulatory issue,STRESSOR
1249,lack of genuine connection,STRESSOR
1250,self-sabotaging habits,ISSUE
1251,seeking compromise,COPING_STRATEGY
1252,mindfulness-based approaches,INTERVENTION
1253,career counseling,INTERVENTION
1254,social rejection,STRESSOR
1255,infidelity,STRESSOR
1256,obsessing,SYMPTOM
1257,cravings,SYMPTOM
1258,excessive alcohol consumption,STRESSOR
1259,family conflicts,ISSUE
1260,mediation,INTERVENTION
1261,legal and regulatory issues,ISSUE
1262,nonviolent communication,COPING_STRATEGY
1263,healthy lifestyle,COPING_STRATEGY
1264,identity exploration,ISSUE
1265,coming out challenges,ISSUE
1266,consultation,INTERVENTION
1267,self-validation,COPING_STRATEGY
1268,conflict resolution strategies,COPING_STRATEGY
1269,societal expectations,STRESSOR
1270,clear communication,COPING_STRATEGY
1271,multiple tasks,STRESSOR
1272,sleep-friendly environment,COPING_STRATEGY
1273,lacking support,ISSUE
1274,toxic workplace environment,STRESSOR
1275,communication patterns,ISSUE
1276,parenthood challenges,ISSUE
1277,parenting guidance,INTERVENTION
1278,meaning and purpose,ISSUE
1279,lack of intimacy,SYMPTOM
1280,emotional distance,SYMPTOM
1281,trauma_event,STRESSOR
1282,workplace dynamics,ISSUE
1283,emotionally abusive relationship,ISSUE
1284,disordered eating patterns,CONDITION
1285,body image,ISSUE
1286,toxic relationship patterns,ISSUE
1287,parents' volatile marriage,STRESSOR
1288,failing to reach a personal goal,STRESSOR
1289,gender identity issues,ISSUE
1290,dysphoria,SYMPTOM
1291,behavioral problems,CONDITION
1292,peer interaction,COPING_STRATEGY
1293,affirmative therapy,INTERVENTION
1294,internalized homophobia,SYMPTOM
1295,boundary setting,COPING_STRATEGY
1296,CBT,INTERVENTION
1297,codependency,CONDITION
1298,parental stress,ISSUE
1299,emotional intimacy,ISSUE
1300,physical intimacy,ISSUE
1301,structured schedule,COPING_STRATEGY
1302,legal issue,STRESSOR
1303,creative activities,COPING_STRATEGY
1304,cognitive processing therapy,INTERVENTION
1305,emdr therapy,INTERVENTION
1306,emotional expression,COPING_STRATEGY
1307,impulsive behavior,CONDITION
1308,problem solving,COPING_STRATEGY
1309,relationship building,COPING_STRATEGY
1310,identifying triggers,COPING_STRATEGY
1311,therapy adherence,ISSUE
1312,goal setting,COPING_STRATEGY
1313,distraction,COPING_STRATEGY
1314,couples' workshops,INTERVENTION
1315,common ground,COPING_STRATEGY
1316,self-love,COPING_STRATEGY
1317,mental health privacy,ISSUE
1318,assertiveness techniques,COPING_STRATEGY
1319,career issues,ISSUE
1320,networking,COPING_STRATEGY
1321,negative thinking,SYMPTOM
1322,legal issues,STRESSOR
1323,social media exposure,STRESSOR
1324,imagery rehearsal therapy,INTERVENTION
1325,negative self-image,SYMPTOM
1326,coworker hostility,STRESSOR
1327,defensiveness,SYMPTOM
1328,toxic relationships,CONDITION
1329,rejection fears,SYMPTOM
1330,abandonment fears,SYMPTOM
1331,emotion regulation,COPING_STRATEGY
1332,societal pressures,ISSUE
1333,societal pressure,STRESSOR
1334,fear of commitment,SYMPTOM
1335,infertility struggles,STRESSOR
1336,trust building,COPING_STRATEGY
1337,temper tantrums,ISSUE
1338,tiredness,SYMPTOM
1339,trouble concentrating,SYMPTOM
1340,relapses,SYMPTOM
1341,self-harm urges,SYMPTOM
1342,support networks,COPING_STRATEGY
1343,withdrawal,SYMPTOM
1344,emotional affair,STRESSOR
1345,sexual desire issues,SYMPTOM
1346,work pressures,STRESSOR
1347,managing stress,COPING_STRATEGY
1348,sexual discomfort,SYMPTOM
1349,misconduct,STRESSOR
1350,effective communication strategies,COPING_STRATEGY
1351,social insecurities,CONDITION
1352,disagreement about politics,STRESSOR
1353,managing conflicts constructively,COPING_STRATEGY
1354,expressing needs,COPING_STRATEGY
1355,childhood experiences of criticism,STRESSOR
1356,marriage problems,ISSUE
1357,avoidant behaviors,SYMPTOM
1358,long-distance relationship,ISSUE
1359,recurring nightmares,SYMPTOM
1360,marriage,ISSUE
1361,romantic relationships,ISSUE
1362,childhood moves,STRESSOR
1363,unhealthy behaviors,SYMPTOM
1364,emotional trauma,CONDITION
1365,friendships,ISSUE
1366,fears of abandonment,SYMPTOM
1367,meaningful relationships,ISSUE
1368,risky behaviors,ISSUE
1369,parenting techniques,INTERVENTION
1370,personal therapy,INTERVENTION
1371,breathwork,COPING_STRATEGY
1372,sexuality and identity concerns,ISSUE
1373,compulsive eating,CONDITION
1374,legal situation,ISSUE
1375,false accusations,STRESSOR
1376,conflicting beliefs,STRESSOR
1377,judgment,STRESSOR
1378,conflicting thoughts,SYMPTOM
1379,connecting with nature,COPING_STRATEGY
1380,arguments,STRESSOR
1381,post-traumatic stress disorder,CONDITION
1382,relationship difficulties,ISSUE
1383,difficulty trusting,SYMPTOM
1384,lack of trust,ISSUE
1385,psychiatrist,INTERVENTION
1386,peer support,COPING_STRATEGY
1387,alternative treatments,INTERVENTION
